{
  "target_name": "baseline",
  "total_requests": 5,
  "successful_requests": 5,
  "failed_requests": 0,
  "error_rate_percent": 0.0,
  "duration_seconds": 7.872083458,
  "requests_per_sec": 0.6351558677796731,
  "total_output_tokens": 250,
  "output_tokens_per_sec": 31.757793388983657,
  "latency": {
    "p50": 3069.8039169999997,
    "p90": 3172.1247670000007,
    "p95": 3179.2657170000007,
    "p99": 3184.9784770000006,
    "mean": 2625.5778002,
    "min": 1603.8000000000002,
    "max": 3186.4066670000007,
    "count": 5
  },
  "ttft": {
    "p50": 1614.7334170000001,
    "p90": 1715.879542,
    "p95": 1726.6372920000001,
    "p99": 1735.243492,
    "mean": 1173.2915084,
    "min": 166.088666,
    "max": 1737.395042,
    "count": 5
  },
  "error_breakdown": {},
  "prompt_set_metrics": {
    "simple_queries": {
      "total_requests": 5,
      "successful_requests": 5,
      "failed_requests": 0,
      "error_rate_percent": 0.0,
      "latency": {
        "p50": 3069.8039169999997,
        "p90": 3172.1247670000007,
        "p95": 3179.2657170000007,
        "p99": 3184.9784770000006,
        "mean": 2625.5778002,
        "min": 1603.8000000000002,
        "max": 3186.4066670000007,
        "count": 5
      },
      "ttft": {
        "p50": 1614.7334170000001,
        "p90": 1715.879542,
        "p95": 1726.6372920000001,
        "p99": 1735.243492,
        "mean": 1173.2915084,
        "min": 166.088666,
        "max": 1737.395042,
        "count": 5
      },
      "output_tokens_mean": 50.0
    }
  }
}