{
  "target_name": "baseline",
  "total_requests": 14,
  "successful_requests": 12,
  "failed_requests": 2,
  "error_rate_percent": 14.285714285714285,
  "duration_seconds": 30.958411,
  "requests_per_sec": 0.45221959227816955,
  "total_output_tokens": 1028,
  "output_tokens_per_sec": 33.20583863299702,
  "latency": {
    "p50": 14744.6865415,
    "p90": 18158.9549083,
    "p95": 19586.660900149996,
    "p99": 20848.962013630004,
    "mean": 12440.220684,
    "min": 1944.9950419999998,
    "max": 21164.537292,
    "count": 12
  },
  "ttft": {
    "p50": 12195.7602285,
    "p90": 15629.434458000002,
    "p95": 16903.844683,
    "p99": 17981.960403,
    "mean": 9965.590527583334,
    "min": 79.90529199999996,
    "max": 18251.489333,
    "count": 12
  },
  "error_breakdown": {
    "ConnectError": 2
  },
  "prompt_set_metrics": {
    "technical_questions": {
      "total_requests": 4,
      "successful_requests": 3,
      "failed_requests": 1,
      "error_rate_percent": 25.0,
      "latency": {
        "p50": 15688.191958000001,
        "p90": 15958.580758000002,
        "p95": 15992.379358000002,
        "p99": 16019.418238000002,
        "mean": 11219.788319333335,
        "min": 1944.9950419999998,
        "max": 16026.177958000002,
        "count": 3
      },
      "ttft": {
        "p50": 13832.465375000002,
        "p90": 14033.1391414,
        "p95": 14058.2233622,
        "p99": 14078.29073884,
        "mean": 9331.89275,
        "min": 79.90529199999996,
        "max": 14083.307583,
        "count": 3
      },
      "output_tokens_mean": 65.66666666666667
    },
    "short_queries": {
      "total_requests": 10,
      "successful_requests": 9,
      "failed_requests": 1,
      "error_rate_percent": 10.0,
      "latency": {
        "p50": 13801.181125,
        "p90": 18869.444358399996,
        "p95": 20016.9908252,
        "p99": 20935.02799864,
        "mean": 12847.031472222223,
        "min": 4088.0586669999993,
        "max": 21164.537292,
        "count": 9
      },
      "ttft": {
        "p50": 10901.442791,
        "p90": 16291.278933000001,
        "p95": 17271.384133,
        "p99": 18055.468293,
        "mean": 10176.823120111112,
        "min": 1544.519083,
        "max": 18251.489333,
        "count": 9
      },
      "output_tokens_mean": 92.33333333333333
    }
  }
}